mean_fit_time,std_fit_time,mean_score_time,std_score_time,param_clf__l2_regularization,param_clf__learning_rate,param_clf__max_bins,param_clf__max_depth,param_clf__max_features,param_clf__max_iter,param_clf__max_leaf_nodes,param_clf__min_samples_leaf,params,split0_test_average_precision,split1_test_average_precision,split2_test_average_precision,split3_test_average_precision,split4_test_average_precision,mean_test_average_precision,std_test_average_precision,rank_test_average_precision,split0_train_average_precision,split1_train_average_precision,split2_train_average_precision,split3_train_average_precision,split4_train_average_precision,mean_train_average_precision,std_train_average_precision,split0_test_roc_auc,split1_test_roc_auc,split2_test_roc_auc,split3_test_roc_auc,split4_test_roc_auc,mean_test_roc_auc,std_test_roc_auc,rank_test_roc_auc,split0_train_roc_auc,split1_train_roc_auc,split2_train_roc_auc,split3_train_roc_auc,split4_train_roc_auc,mean_train_roc_auc,std_train_roc_auc,split0_test_f1,split1_test_f1,split2_test_f1,split3_test_f1,split4_test_f1,mean_test_f1,std_test_f1,rank_test_f1,split0_train_f1,split1_train_f1,split2_train_f1,split3_train_f1,split4_train_f1,mean_train_f1,std_train_f1,split0_test_precision,split1_test_precision,split2_test_precision,split3_test_precision,split4_test_precision,mean_test_precision,std_test_precision,rank_test_precision,split0_train_precision,split1_train_precision,split2_train_precision,split3_train_precision,split4_train_precision,mean_train_precision,std_train_precision,split0_test_recall,split1_test_recall,split2_test_recall,split3_test_recall,split4_test_recall,mean_test_recall,std_test_recall,rank_test_recall,split0_train_recall,split1_train_recall,split2_train_recall,split3_train_recall,split4_train_recall,mean_train_recall,std_train_recall
1.4552964210510253,0.2835367022935112,0.17060961723327636,0.023138317605255317,0.1,0.11807374015240298,255,4,1.0,450,7,10,"{'clf__l2_regularization': 0.1, 'clf__learning_rate': np.float64(0.11807374015240298), 'clf__max_bins': 255, 'clf__max_depth': 4, 'clf__max_features': 1.0, 'clf__max_iter': 450, 'clf__max_leaf_nodes': 7, 'clf__min_samples_leaf': 10}",0.7493686346220496,0.7238485476452907,0.7607999963752026,0.7333306529224946,0.7871994463856876,0.750909455590145,0.022174162443011236,12,0.8439939908656973,0.8237214674087247,0.8075825127995132,0.8283686932260044,0.8173233938980132,0.8241980116395904,0.01210650770137361,0.8944728682170543,0.9222209302325581,0.9363759689922481,0.918791294358911,0.9396158323632129,0.922295378832797,0.016028957403992614,10,0.9578301241192932,0.9528575604552816,0.9464355025897307,0.9532768731220316,0.946174085160963,0.95131482908946,0.004447781051444596,0.6417112299465241,0.6206896551724138,0.6863270777479893,0.6205128205128205,0.7021276595744681,0.6542736885908431,0.03389076917564169,10,0.7191460973982655,0.6712243629583592,0.7045300878972278,0.7142857142857143,0.6904607397793641,0.6999294004637863,0.01737921877317983,0.5357142857142857,0.4921875,0.5739910313901345,0.5062761506276151,0.584070796460177,0.5384479528384424,0.03613109902375251,12,0.6002227171492205,0.5357142857142857,0.5933940774487472,0.5957683741648107,0.5659574468085107,0.5782113802571149,0.024410748494916815,0.8,0.84,0.8533333333333334,0.8013245033112583,0.88,0.8349315673289184,0.030806255121946284,32,0.8968386023294509,0.8985024958402662,0.8668885191347754,0.8916666666666667,0.8851913477537438,0.8878175263449805,0.011448007888245825
2.2047497272491454,0.3489078765835992,0.20046515464782716,0.020534005817606674,0.0001,0.019433763557610218,255,7,1.0,200,15,50,"{'clf__l2_regularization': 0.0001, 'clf__learning_rate': np.float64(0.019433763557610218), 'clf__max_bins': 255, 'clf__max_depth': 7, 'clf__max_features': 1.0, 'clf__max_iter': 200, 'clf__max_leaf_nodes': 15, 'clf__min_samples_leaf': 50}",0.6810206545136661,0.6262680523602873,0.6852450692051695,0.6869048318636447,0.7220750475241186,0.6803027310933772,0.03076752437362378,34,0.7323950019445744,0.730935183642255,0.7229732044394255,0.7288285419719838,0.6782254419732842,0.7186714747943046,0.020475772096319837,0.8745,0.8725310077519379,0.9101434108527131,0.8953118133668442,0.9063523476911137,0.8917677159325217,0.015691801866636292,38,0.9215562292436786,0.9195639611700106,0.9190320766533189,0.9168171464573035,0.9076776178502535,0.9169294062749132,0.004865753473432851,0.563855421686747,0.575,0.6052009456264775,0.6134020618556701,0.6198547215496368,0.5954626301437063,0.02204253606364416,27,0.617876424715057,0.6352793471437539,0.5832363213038417,0.6479250334672021,0.5876168224299065,0.6143867898119523,0.025536143534249916,0.44150943396226416,0.46,0.46886446886446886,0.5021097046413502,0.4866920152091255,0.4718351245354418,0.021003903816690206,23,0.4831144465290807,0.5100806451612904,0.4485228290062668,0.5413870246085011,0.4527452745274527,0.4871700439665183,0.03509842299229494,0.78,0.7666666666666667,0.8533333333333334,0.7880794701986755,0.8533333333333334,0.8082825607064018,0.03741415499905915,50,0.8569051580698835,0.8419301164725458,0.8336106489184693,0.8066666666666666,0.8369384359400999,0.835210205213533,0.016346908829072564
1.4720977783203124,0.17906977801326862,0.17455110549926758,0.017342309277673666,1e-05,0.09734096464338715,128,,0.75,300,7,5,"{'clf__l2_regularization': 1e-05, 'clf__learning_rate': np.float64(0.09734096464338715), 'clf__max_bins': 128, 'clf__max_depth': None, 'clf__max_features': 0.75, 'clf__max_iter': 300, 'clf__max_leaf_nodes': 7, 'clf__min_samples_leaf': 5}",0.7596213954627081,0.7649857041457913,0.7766079931468252,0.7417518544875185,0.7831703631918032,0.7652274620869293,0.01438092326190058,3,0.8615194166424691,0.8455175985633758,0.845630387468684,0.8469292641764846,0.8430093155761973,0.8485211964854422,0.006621890728989026,0.9057558139534883,0.9321627906976744,0.9410310077519378,0.9170489326106901,0.9396313542879318,0.9271259798603445,0.013662609749308614,2,0.9635073500729344,0.9567629672864404,0.9579211107336134,0.9571944363671611,0.9535106508054086,0.9577793030531115,0.0032381177101001076,0.6666666666666666,0.7032967032967034,0.6772486772486772,0.6237623762376238,0.6846361185983828,0.6711221084096108,0.026526074213112233,5,0.7364909939959974,0.7282683093771389,0.726158038147139,0.7023886378308586,0.7047244094488189,0.7196060777599906,0.013571787850079689,0.5555555555555556,0.5981308411214953,0.5614035087719298,0.4980237154150198,0.5746606334841629,0.5575548508696325,0.033171627098145445,5,0.6146993318485523,0.6186046511627907,0.6147635524798154,0.5732349841938883,0.581798483206934,0.6006202005783962,0.019109703945324314,0.8333333333333334,0.8533333333333334,0.8533333333333334,0.8344370860927153,0.8466666666666667,0.8442207505518764,0.00878995767314591,20,0.9184692179700499,0.8851913477537438,0.8868552412645591,0.9066666666666666,0.8935108153078203,0.898138657792568,0.01266825847807454
1.193629550933838,0.06971784945411852,0.15696444511413574,0.012500172785518744,0.05,0.015277082344936613,64,2,0.9,200,31,10,"{'clf__l2_regularization': 0.05, 'clf__learning_rate': np.float64(0.015277082344936613), 'clf__max_bins': 64, 'clf__max_depth': 2, 'clf__max_features': 0.9, 'clf__max_iter': 200, 'clf__max_leaf_nodes': 31, 'clf__min_samples_leaf': 10}",0.6066857735858654,0.5856134767465678,0.6551123479219619,0.6559902464914187,0.6849285741609878,0.6376660837813604,0.03617497363454557,48,0.6514978528483224,0.6641855504843888,0.65259686556695,0.6589276644172408,0.6323595587445552,0.6519134984122915,0.010796278018258316,0.8813604651162791,0.8723100775193797,0.9085310077519381,0.8868274368008389,0.9108498253783469,0.8919757625133565,0.01520681003165411,37,0.8983168928264798,0.9027396650337473,0.8963829433008199,0.900568236890569,0.8921858451480739,0.898038716639938,0.003621393669326191,0.5283018867924528,0.5383022774327122,0.5829787234042553,0.5534591194968553,0.574468085106383,0.5555020184465317,0.020758288411812726,48,0.5628299894403379,0.5618448637316562,0.5521920668058455,0.5533929510783798,0.5568956476140535,0.5574311037340546,0.0043051165430927985,0.3853211009174312,0.39039039039039036,0.428125,0.4049079754601227,0.421875,0.4061238933535888,0.016816205274745297,50,0.41221964423820573,0.41009946442234124,0.4022813688212928,0.404304381245196,0.40658499234303214,0.40709797021401356,0.003647120696985084,0.84,0.8666666666666667,0.9133333333333333,0.8741721854304636,0.9,0.8788344370860928,0.02575290130068615,1,0.8868552412645591,0.891846921797005,0.8801996672212978,0.8766666666666667,0.8835274542429284,0.8838191902384913,0.005253698316748884
1.4329768180847169,0.24747158223976057,0.17696986198425294,0.02474243031828567,0.0001,0.04039592603290162,64,4,0.6,200,31,50,"{'clf__l2_regularization': 0.0001, 'clf__learning_rate': np.float64(0.04039592603290162), 'clf__max_bins': 64, 'clf__max_depth': 4, 'clf__max_features': 0.6, 'clf__max_iter': 200, 'clf__max_leaf_nodes': 31, 'clf__min_samples_leaf': 50}",0.6774806931713515,0.6452482198380481,0.6789905972611195,0.6779094203355233,0.7280311685792937,0.6815320198370672,0.026512941291870974,33,0.7312819670381202,0.7347287236309997,0.714630882237594,0.7268877546035104,0.6751942504038341,0.7165447155828116,0.021763946856801338,0.8749728682170542,0.8793720930232558,0.9107558139534885,0.8950612524959717,0.9066938300349243,0.893371171544939,0.014262167853002335,34,0.9170809461446359,0.9177798007780323,0.9126586579087211,0.9140731317243386,0.9066586705592452,0.9136502414229947,0.003971577333238031,0.5446224256292906,0.5626477541371159,0.6082949308755761,0.5779816513761468,0.5953488372093023,0.5777791198454862,0.022663959537716216,38,0.5934819897084048,0.6108433734939759,0.5813424345847554,0.5896834701055099,0.5695216907675195,0.5889745917320331,0.013680116516120626,0.4146341463414634,0.4358974358974359,0.4647887323943662,0.4421052631578947,0.45714285714285713,0.4429136869868035,0.017496288992014847,39,0.4520905923344948,0.47875354107648727,0.44165946413137425,0.45479204339963836,0.4277360066833751,0.451006329525074,0.016818363904397362,0.7933333333333333,0.7933333333333333,0.88,0.8344370860927153,0.8533333333333334,0.8308874172185432,0.033908947255049574,34,0.8635607321131448,0.8435940099833611,0.8502495840266223,0.8383333333333334,0.8519134775374376,0.8495302273987798,0.008528323770087541
1.5656275272369384,0.07848091467874635,0.1698315143585205,0.014222062133424907,1.0,0.017752941250933397,64,5,0.75,150,15,5,"{'clf__l2_regularization': 1.0, 'clf__learning_rate': np.float64(0.017752941250933397), 'clf__max_bins': 64, 'clf__max_depth': 5, 'clf__max_features': 0.75, 'clf__max_iter': 150, 'clf__max_leaf_nodes': 15, 'clf__min_samples_leaf': 5}",0.7109057693629344,0.6832429268629395,0.6887942188101653,0.7289222195538465,0.7705859258127966,0.7164902120805364,0.031573840666152535,29,0.7586652987215908,0.7606507440364862,0.7661835697048707,0.7525407145737013,0.7488828771866703,0.7573846408446638,0.0060905216650012535,0.8997829457364341,0.9039496124031007,0.9210775193798451,0.9146936604244885,0.9287892898719441,0.9136586055631625,0.01069436966114916,27,0.9355560685651896,0.9333452874257466,0.9337373042214885,0.9343287777454686,0.9271861523805194,0.9328307180676825,0.00291957257172009,0.5587583148558758,0.5799086757990868,0.6267281105990783,0.6150234741784038,0.6153846153846154,0.599160638163412,0.025603899403520338,24,0.6077777777777778,0.6089926010244735,0.6004540295119183,0.6402439024390244,0.5986696230598669,0.6112275867626121,0.015050680429191096,0.4186046511627907,0.4409722222222222,0.4788732394366197,0.4763636363636364,0.4731182795698925,0.45758640575103227,0.023843494153620384,30,0.4562135112593828,0.46280276816608995,0.45564168819982775,0.5048076923076923,0.4488778054862843,0.46566869308385545,0.0200596609266966,0.84,0.8466666666666667,0.9066666666666666,0.8675496688741722,0.88,0.868176600441501,0.0239927867567126,4,0.9101497504159733,0.8901830282861897,0.8801996672212978,0.875,0.8985024958402662,0.8908069883527453,0.01261846859376587
2.3408482551574705,0.11974646335332502,0.2528393745422363,0.009136237416658454,0.01,0.027279265177816855,255,5,0.9,300,7,20,"{'clf__l2_regularization': 0.01, 'clf__learning_rate': np.float64(0.027279265177816855), 'clf__max_bins': 255, 'clf__max_depth': 5, 'clf__max_features': 0.9, 'clf__max_iter': 300, 'clf__max_leaf_nodes': 7, 'clf__min_samples_leaf': 20}",0.7392958494231423,0.7011973270605742,0.7528755048678706,0.7245853741810101,0.7848819966564093,0.7405672104378013,0.028008275760864492,17,0.7857599645949929,0.7832373254228885,0.7677339351256877,0.7817944633264982,0.7681151024941882,0.7773281581928511,0.007783199980364681,0.8948837209302326,0.9145116279069767,0.9328100775193798,0.9129320247631235,0.9376872332169188,0.9185649368673262,0.015346304118186976,16,0.9421484843469146,0.938776655932182,0.9362222551322743,0.9389834738780654,0.9322898397020765,0.9376841417983025,0.0032877899296407287,0.5701357466063348,0.5924170616113744,0.6536585365853659,0.5947242206235012,0.6378896882494005,0.6097650507351953,0.031033189904395374,22,0.6260069044879172,0.627893175074184,0.629874025194961,0.6562107904642409,0.6115892139988526,0.6303148218440311,0.014462824113299261,0.4315068493150685,0.45955882352941174,0.5153846153846153,0.46616541353383456,0.49812734082397003,0.47414860851738005,0.029564508185979183,21,0.47845206684256814,0.48800738007380073,0.4924953095684803,0.5261569416498993,0.46672504378283713,0.49036734838351714,0.019959584947749093,0.84,0.8333333333333334,0.8933333333333333,0.8211920529801324,0.8866666666666667,0.854905077262693,0.02935847031687636,9,0.9051580698835274,0.8801996672212978,0.8735440931780366,0.8716666666666667,0.8868552412645591,0.8834847476428175,0.012086095537655904
2.9715935230255126,0.5977612472566595,0.2996510982513428,0.04492689518323618,0.0,0.02932262758546261,128,,0.75,600,15,30,"{'clf__l2_regularization': 0.0, 'clf__learning_rate': np.float64(0.02932262758546261), 'clf__max_bins': 128, 'clf__max_depth': None, 'clf__max_features': 0.75, 'clf__max_iter': 600, 'clf__max_leaf_nodes': 15, 'clf__min_samples_leaf': 30}",0.7374784912111358,0.7123426831657913,0.7198721326627481,0.7124632242176447,0.791428810065195,0.734717068264503,0.02979955003414026,21,0.8099522349611479,0.8087979258163416,0.7983835465390596,0.8283135503628515,0.7735024033666966,0.8037899322092195,0.017950070929785837,0.90034496124031,0.9078062015503877,0.9197790697674417,0.9138263343330071,0.9307605743112145,0.9145034282404723,0.01037208446918096,25,0.9497928118638802,0.9534540551475678,0.9425463087988895,0.957315353300378,0.9351306512021498,0.9476478360625731,0.007930693387674525,0.6492146596858639,0.6041666666666666,0.6509186351706037,0.675603217158177,0.6840731070496083,0.6527952571461839,0.027855301594944183,12,0.7033398821218074,0.7011118378024853,0.7046070460704607,0.7337837837837838,0.6722472633612363,0.7030179626279548,0.019491710109445642,0.5344827586206896,0.49572649572649574,0.5367965367965368,0.5675675675675675,0.5622317596566524,0.5393610236735884,0.025506962872457017,11,0.5799136069114471,0.5775862068965517,0.5942857142857143,0.6170454545454546,0.5483193277310925,0.5834300620740521,0.022481635004132066,0.8266666666666667,0.7733333333333333,0.8266666666666667,0.8344370860927153,0.8733333333333333,0.8268874172185431,0.03188215170357285,37,0.8935108153078203,0.891846921797005,0.8652246256239601,0.905,0.8685524126455907,0.8848269550748752,0.01536719332904376
1.1027087211608886,0.08255314585196867,0.14234471321105957,0.010153381070443931,0.05,0.016267349396260948,128,3,1.0,150,15,80,"{'clf__l2_regularization': 0.05, 'clf__learning_rate': np.float64(0.016267349396260948), 'clf__max_bins': 128, 'clf__max_depth': 3, 'clf__max_features': 1.0, 'clf__max_iter': 150, 'clf__max_leaf_nodes': 15, 'clf__min_samples_leaf': 80}",0.6116394716024396,0.5389827704643684,0.6133436142761798,0.6447911796703076,0.6744708681286605,0.6166455808283912,0.04517391905040126,50,0.6383399706105165,0.6367508255164239,0.6364184717784848,0.6222738623123117,0.6231234253099454,0.6313813111055364,0.007124126839049259,0.8711976744186045,0.8493565891472868,0.8942170542635658,0.8795226237192485,0.8946604578967792,0.877790879889097,0.01678916348003628,49,0.8919647688214039,0.8922406324924814,0.8838125133697086,0.8871360376078318,0.8824714939092984,0.8875250892401448,0.004035356477021821,0.5152838427947598,0.5454545454545454,0.5820568927789934,0.5627705627705628,0.5695067264573991,0.5550145140512522,0.02311445434128731,49,0.5646929824561403,0.5706182643221781,0.5466307277628032,0.5596890616324264,0.5513513513513514,0.5585964775049799,0.00870121245399313,0.38311688311688313,0.41379310344827586,0.43322475570032576,0.4180064308681672,0.42905405405405406,0.41543904543754123,0.017639289777334147,47,0.42109566639411283,0.43287435456110157,0.4043062200956938,0.4196502914238135,0.40832666132906326,0.41725063876075696,0.010117691570633462,0.7866666666666666,0.8,0.8866666666666667,0.8609271523178808,0.8466666666666667,0.8361854304635763,0.0375016204104873,31,0.8569051580698835,0.8369384359400999,0.8435940099833611,0.84,0.848585690515807,0.8452046589018302,0.007019204539437952
1.2435202598571777,0.3754453902258695,0.15732269287109374,0.028315689937653866,0.001,0.07058169861214345,255,,0.9,300,7,80,"{'clf__l2_regularization': 0.001, 'clf__learning_rate': np.float64(0.07058169861214345), 'clf__max_bins': 255, 'clf__max_depth': None, 'clf__max_features': 0.9, 'clf__max_iter': 300, 'clf__max_leaf_nodes': 7, 'clf__min_samples_leaf': 80}",0.6560550959794449,0.5903138488603651,0.6399705142351999,0.6639933713701386,0.7018318343298405,0.6504329329549978,0.03627976777067624,42,0.7271812982988494,0.6963666473156835,0.7170421714294232,0.7143702394129198,0.6660204785226512,0.7041961669959055,0.02151990896493811,0.8645968992248063,0.860267441860465,0.9038255813953489,0.8963140568503342,0.897524253007373,0.8845056464676656,0.01825393840776133,46,0.9203642078018119,0.9104897402912926,0.9134552747553769,0.9139989822622856,0.8948599769986922,0.9106336364218919,0.008518218740859652,0.5617433414043583,0.5558194774346793,0.6139088729016786,0.6201923076923077,0.6004728132387707,0.5904273625343588,0.02667854249579596,30,0.6280193236714976,0.6044021415823915,0.6158499697519662,0.626641651031895,0.571917808219178,0.6093661788513856,0.020569119690435095,0.44106463878326996,0.4317343173431734,0.4794007490636704,0.4867924528301887,0.4652014652014652,0.46083872464435355,0.021331944395439856,26,0.4928909952606635,0.4703703703703704,0.4838403041825095,0.5015015015015015,0.43527367506516074,0.4767753692760411,0.023170770182688743,0.7733333333333333,0.78,0.8533333333333334,0.8543046357615894,0.8466666666666667,0.8215275938189845,0.036783529793526684,41,0.8652246256239601,0.8452579034941764,0.8469217970049917,0.835,0.8336106489184693,0.8452029950083194,0.011334077666589365
1.1165480613708496,0.08608900093702128,0.15810136795043944,0.014508679734000541,0.5,0.13370267607679293,64,3,0.9,450,63,10,"{'clf__l2_regularization': 0.5, 'clf__learning_rate': np.float64(0.13370267607679293), 'clf__max_bins': 64, 'clf__max_depth': 3, 'clf__max_features': 0.9, 'clf__max_iter': 450, 'clf__max_leaf_nodes': 63, 'clf__min_samples_leaf': 10}",0.7456097742374026,0.7253878191781754,0.7522030934210859,0.7365984453105439,0.7846317505859336,0.7488861765466284,0.02001321538878342,14,0.832441196122405,0.8119906165739281,0.8125928280434151,0.8150517615137959,0.8073356694660612,0.815882414343921,0.008647514718459497,0.9025116279069768,0.91884496124031,0.9345581395348835,0.9168137908703327,0.9376600698486613,0.922077717880233,0.012802828886194908,11,0.9532999102717111,0.9467367747568285,0.9474876563106476,0.9485082872928178,0.9404179522449497,0.947290116175391,0.004127309338270855,0.6437994722955145,0.6511627906976745,0.6481012658227848,0.6195121951219512,0.6700507614213198,0.646525297071849,0.01621465568649899,16,0.6924066924066924,0.6772352568167407,0.6726804123711341,0.6812059012187299,0.6443768996960486,0.6735810325018692,0.01599743691161005,0.5327510917030568,0.5316455696202531,0.5224489795918368,0.49034749034749037,0.5409836065573771,0.5236353475640028,0.017650560590149134,16,0.5645330535152151,0.5471311475409836,0.5488958990536278,0.5537017726798749,0.5076628352490421,0.5443849416077488,0.019334700588262293,0.8133333333333334,0.84,0.8533333333333334,0.8410596026490066,0.88,0.8455452538631347,0.02161602389261088,19,0.8951747088186356,0.8885191347753744,0.8685524126455907,0.885,0.8818635607321131,0.8838219633943428,0.008824177456873765
2.2880070209503174,0.08069466728872704,0.2388491153717041,0.018711708324515696,1.0,0.031054559369159077,64,2,0.6,450,7,5,"{'clf__l2_regularization': 1.0, 'clf__learning_rate': np.float64(0.031054559369159077), 'clf__max_bins': 64, 'clf__max_depth': 2, 'clf__max_features': 0.6, 'clf__max_iter': 450, 'clf__max_leaf_nodes': 7, 'clf__min_samples_leaf': 5}",0.7095302522109094,0.68991110060503,0.7362337916646852,0.7159582902924039,0.7781666645181631,0.7259600198582383,0.030001935178772143,26,0.7655133597741364,0.7618262475920305,0.7527776228014837,0.7618366567630552,0.7515085694188045,0.7586924912699021,0.005528559570959457,0.9016279069767442,0.9072674418604652,0.9284186046511629,0.9064290064683252,0.9370353123787349,0.9161556544670864,0.013935591221760616,20,0.9308325081621769,0.9288426599452725,0.9254301779369076,0.9310082872928177,0.9232463196214122,0.9278719905917174,0.0030627602336120306,0.5562913907284768,0.5727272727272728,0.6129753914988815,0.594847775175644,0.6186046511627907,0.5910892962586132,0.02365705062592759,29,0.6002214839424141,0.5997732426303855,0.5843071786310517,0.6253722453841573,0.5875769445998881,0.5994502190375793,0.01444255491479315,0.4158415841584158,0.43448275862068964,0.4612794612794613,0.4601449275362319,0.475,0.44934974631895974,0.021263178525573734,35,0.44979253112033196,0.4548581255374033,0.4389632107023411,0.4865616311399444,0.4426644182124789,0.4545679833424999,0.016921503584268718,0.84,0.84,0.9133333333333333,0.8410596026490066,0.8866666666666667,0.8642119205298012,0.030415761817262674,6,0.9018302828618968,0.8801996672212978,0.8735440931780366,0.875,0.8735440931780366,0.8808236272878535,0.010784866926123366
1.6467000484466552,0.06358618934091184,0.19464616775512694,0.00603220086879001,0.1,0.044915060172481376,64,5,1.0,200,31,5,"{'clf__l2_regularization': 0.1, 'clf__learning_rate': np.float64(0.044915060172481376), 'clf__max_bins': 64, 'clf__max_depth': 5, 'clf__max_features': 1.0, 'clf__max_iter': 200, 'clf__max_leaf_nodes': 31, 'clf__min_samples_leaf': 5}",0.7791998067920995,0.7486282509479288,0.7460286939417705,0.738457075389898,0.7903197881692633,0.7605267230481921,0.020372268503374903,5,0.8405045622024437,0.840685513250646,0.8385720721074592,0.8439408155905254,0.8364582899810096,0.8400322506264167,0.002483224772825274,0.9132945736434108,0.9266782945736435,0.9370852713178296,0.9209306987178993,0.9372487388436166,0.92704751541928,0.009289958890260928,4,0.9577621261442293,0.9556495911893983,0.9541289531990023,0.9562079577396531,0.9491552075415646,0.9545807671627695,0.0029513390860223744,0.6275510204081632,0.616504854368932,0.6788511749347258,0.6259168704156479,0.6878306878306878,0.6473309215916314,0.0297785491091989,15,0.6902654867256637,0.6782178217821783,0.7115256495669554,0.7008985879332478,0.6785034876347495,0.6918822067285589,0.012926556391362025,0.5082644628099173,0.4847328244274809,0.5579399141630901,0.49612403100775193,0.5701754385964912,0.5234473342009464,0.03420277638119259,17,0.5565749235474006,0.5399014778325123,0.5933333333333334,0.569937369519833,0.548155737704918,0.5615805683875994,0.01872613005019069,0.82,0.8466666666666667,0.8666666666666667,0.847682119205298,0.8666666666666667,0.8495364238410594,0.017152053659952385,16,0.908485856905158,0.9118136439267887,0.8885191347753744,0.91,0.8901830282861897,0.9018003327787021,0.010232782218040144
1.0823508262634278,0.11103140398490739,0.14708495140075684,0.011669193167736016,0.5,0.09912419232272096,64,4,0.6,150,31,10,"{'clf__l2_regularization': 0.5, 'clf__learning_rate': np.float64(0.09912419232272096), 'clf__max_bins': 64, 'clf__max_depth': 4, 'clf__max_features': 0.6, 'clf__max_iter': 150, 'clf__max_leaf_nodes': 31, 'clf__min_samples_leaf': 10}",0.7493413144420003,0.7296004490710187,0.7557665603041563,0.741874301094183,0.7836573182449514,0.752047988631262,0.01804272445885563,10,0.8243711392549312,0.8204756967628252,0.8135642486484438,0.816878493508758,0.804082184218265,0.8158743524786447,0.006910396022501297,0.9023720930232559,0.9199418604651163,0.9362945736434108,0.9202908048015173,0.934338377958867,0.9226475419784335,0.012221995517041142,8,0.9514414602770832,0.9512752161174076,0.9490247493270378,0.9498839294368516,0.940052660124954,0.948335603056667,0.004237146558523644,0.6354166666666666,0.6180904522613065,0.6735751295336787,0.6231155778894473,0.675392670157068,0.6451180993016334,0.02463767301637584,17,0.6868167202572347,0.6839772007599747,0.69826435246996,0.7016393442622951,0.6437768240343348,0.6828948883567599,0.02066083336290491,0.5213675213675214,0.4959677419354839,0.5508474576271186,0.5020242914979757,0.5560344827586207,0.5252482990373439,0.024555537112151117,15,0.559748427672956,0.5521472392638037,0.5830546265328874,0.5783783783783784,0.5097087378640777,0.5566074819424206,0.026087065337344815,0.8133333333333334,0.82,0.8666666666666667,0.8211920529801324,0.86,0.8362384105960265,0.022383982304781874,27,0.8885191347753744,0.8985024958402662,0.870216306156406,0.8916666666666667,0.8735440931780366,0.8844897393233498,0.010841030605178183
0.63939208984375,0.09867373387667153,0.1119429588317871,0.009344155869290448,1.0,0.16045928050614924,64,5,0.75,100,63,80,"{'clf__l2_regularization': 1.0, 'clf__learning_rate': np.float64(0.16045928050614924), 'clf__max_bins': 64, 'clf__max_depth': 5, 'clf__max_features': 0.75, 'clf__max_iter': 100, 'clf__max_leaf_nodes': 63, 'clf__min_samples_leaf': 80}",0.6449604012846102,0.5978815148965633,0.6526319188339944,0.6673386509087891,0.7078056036843474,0.654123617921661,0.03551269223888137,41,0.726640736265866,0.717742282034662,0.7183150577716362,0.7084045301906569,0.687457830585983,0.7117120873697609,0.013431574221321211,0.8691046511627907,0.8710077519379845,0.9047558139534883,0.8952308629316392,0.897570818781529,0.8875339797534864,0.014624144964127148,41,0.9206318439598923,0.9179034554586645,0.9161425256916191,0.9143338664340408,0.9049323628981261,0.9147888108884686,0.005348478876907198,0.5569007263922519,0.5555555555555556,0.6183574879227053,0.6037735849056604,0.6076555023923444,0.5884485714337034,0.026741438033999886,33,0.6244725738396625,0.6330049261083743,0.6280373831775701,0.6044821320411872,0.5875509016870274,0.6155095833707643,0.017009765124599015,0.4372623574144487,0.4356060606060606,0.48484848484848486,0.46886446886446886,0.47388059701492535,0.4600923937496777,0.020003594514405865,28,0.4896030245746692,0.5024437927663734,0.50199203187251,0.4747859181731684,0.4516994633273703,0.48410484614281823,0.01909685626786678,0.7666666666666667,0.7666666666666667,0.8533333333333334,0.847682119205298,0.8466666666666667,0.8162030905077262,0.040510068443153344,47,0.8618968386023295,0.8552412645590682,0.8386023294509152,0.8316666666666667,0.8402662229617305,0.845534664448142,0.011225630810265551
0.7935915946960449,0.10372172609800144,0.12767434120178223,0.016151313853551546,0.5,0.08418081258019451,128,4,0.9,100,31,50,"{'clf__l2_regularization': 0.5, 'clf__learning_rate': np.float64(0.08418081258019451), 'clf__max_bins': 128, 'clf__max_depth': 4, 'clf__max_features': 0.9, 'clf__max_iter': 100, 'clf__max_leaf_nodes': 31, 'clf__min_samples_leaf': 50}",0.6879791274270417,0.6373011785257113,0.6778226364759248,0.680562035482108,0.7348650959471966,0.6837060147715965,0.031091537920945305,31,0.7344079607652391,0.7364933699154661,0.7172804223473012,0.7269115386870151,0.6876663175507423,0.7205519218531528,0.01776924301303652,0.8760155038759689,0.8769302325581396,0.9116860465116279,0.8957975159780741,0.9079782693053938,0.8936815136458408,0.015004873949770911,33,0.9191477458066303,0.9195286312612584,0.9154833567091496,0.9164556072501696,0.9103645712123682,0.9161959824479153,0.0032984860926943685,0.5483870967741935,0.5658536585365853,0.6121495327102804,0.5955334987593052,0.6,0.5843847573560729,0.023572213213868057,36,0.6036193812025686,0.6240786240786241,0.5918604651162791,0.6194690265486725,0.5780989438576987,0.6034252881607687,0.01708313990993551,0.41901408450704225,0.4461538461538462,0.4712230215827338,0.47619047619047616,0.4607142857142857,0.4546591428296768,0.020579287671641064,32,0.46492805755395683,0.4946445959104187,0.4548704200178731,0.4989816700610998,0.4340567612687813,0.4694963009624259,0.02446454554908772,0.7933333333333333,0.7733333333333333,0.8733333333333333,0.7947019867549668,0.86,0.8189403973509934,0.03991919092018347,44,0.8602329450915142,0.8452579034941764,0.8469217970049917,0.8166666666666667,0.8652246256239601,0.8468607875762618,0.01691332635225288
1.1811938285827637,0.2512470785291954,0.15363402366638185,0.018979405353185288,0.0001,0.10762863453057975,128,,0.9,200,7,10,"{'clf__l2_regularization': 0.0001, 'clf__learning_rate': np.float64(0.10762863453057975), 'clf__max_bins': 128, 'clf__max_depth': None, 'clf__max_features': 0.9, 'clf__max_iter': 200, 'clf__max_leaf_nodes': 7, 'clf__min_samples_leaf': 10}",0.7541402501199317,0.7273339922656361,0.7604559376455434,0.738938793454392,0.7832261818107304,0.7528190310592467,0.019114449911606973,8,0.8454964158321757,0.8088281193121032,0.8091502545721048,0.8254929515095958,0.8348449808816077,0.8247625444215174,0.014350832317809247,0.9067790697674419,0.9184069767441861,0.937313953488372,0.9200248248001295,0.9386340706247575,0.9242317790849773,0.012122649363106478,6,0.9591775003653982,0.947604535392341,0.9481165770835693,0.9522092177958709,0.9515961330321326,0.9517407927338624,0.004142186203928628,0.6557377049180327,0.6009852216748769,0.6717948717948717,0.6222222222222222,0.6898395721925134,0.6481159185605034,0.03240812806980088,13,0.7267833109017496,0.6601106330669945,0.6929765886287625,0.6964980544747081,0.7090788601722995,0.6970894894489028,0.02195527094169144,0.5555555555555556,0.4765625,0.5458333333333333,0.49606299212598426,0.5758928571428571,0.5299814476315461,0.037462569024751494,13,0.6101694915254238,0.5233918128654971,0.5794183445190156,0.5700636942675159,0.5892070484581498,0.5744500783271203,0.02879067610425535,0.8,0.8133333333333334,0.8733333333333333,0.8344370860927153,0.86,0.8362207505518764,0.027501834852992495,29,0.8985024958402662,0.8935108153078203,0.8618968386023295,0.895,0.8901830282861897,0.8878186356073211,0.013233651699120679
2.3565110683441164,0.11594063959729771,0.2537980556488037,0.016742513827547184,0.0001,0.01627223349701678,255,2,1.0,450,63,30,"{'clf__l2_regularization': 0.0001, 'clf__learning_rate': np.float64(0.01627223349701678), 'clf__max_bins': 255, 'clf__max_depth': 2, 'clf__max_features': 1.0, 'clf__max_iter': 450, 'clf__max_leaf_nodes': 63, 'clf__min_samples_leaf': 30}",0.6592709531689402,0.6230853739388827,0.6768920465538822,0.6512374257002004,0.7578714576920104,0.6736714514107832,0.04554036535651416,36,0.7120737467983552,0.7025221768239466,0.6844481947811343,0.7033267891805963,0.6987436640068952,0.7002229143181855,0.009015462668782207,0.8936705426356589,0.8879883720930233,0.9076046511627908,0.8938277220547532,0.9291734575087311,0.9024529490909915,0.01484098916273811,31,0.9162983644672104,0.9139736080741907,0.8965634646154025,0.9150176892507511,0.9103021570620644,0.9104310566939239,0.007215800637088149,0.546236559139785,0.5572354211663066,0.5826086956521739,0.5575221238938053,0.6108597285067874,0.5708925056717716,0.023271642719270395,44,0.5826513911620295,0.5843940232429441,0.5483870967741935,0.5775280898876405,0.5742251223491027,0.5734371446831821,0.013037002474931251,0.4031746031746032,0.41214057507987223,0.432258064516129,0.4186046511627907,0.4623287671232877,0.4257013322113366,0.020621688891667832,44,0.43344155844155846,0.43781094527363185,0.4050833995234313,0.43559322033898307,0.42649434571890144,0.4276846938593012,0.011920257404573848,0.8466666666666667,0.86,0.8933333333333333,0.8344370860927153,0.9,0.8668874172185431,0.025710577109853926,5,0.8885191347753744,0.8785357737104825,0.848585690515807,0.8566666666666667,0.8785357737104825,0.8701686078757627,0.014999236673146659
1.921825647354126,0.1150064493485424,0.22461943626403807,0.015451637817659188,0.01,0.028610783060846228,64,4,0.6,300,7,20,"{'clf__l2_regularization': 0.01, 'clf__learning_rate': np.float64(0.028610783060846228), 'clf__max_bins': 64, 'clf__max_depth': 4, 'clf__max_features': 0.6, 'clf__max_iter': 300, 'clf__max_leaf_nodes': 7, 'clf__min_samples_leaf': 20}",0.7354387182861836,0.6959216754085973,0.7515073940845538,0.7219544342579906,0.7821060454913772,0.7373856535057406,0.02884618373437274,18,0.7760783199567559,0.7784442506437567,0.7640722416289665,0.7745187252100885,0.7527260310226507,0.7691679136924436,0.009578483234575734,0.8957403100775194,0.9114573643410853,0.9323488372093023,0.9122111804115366,0.9336670547147846,0.9170849493508456,0.014275639763461303,18,0.9383299503735775,0.9349353753052649,0.9343267813291596,0.936029853639624,0.9250991489903181,0.9337442219275888,0.00453317825856537,0.555045871559633,0.581986143187067,0.6335697399527187,0.5876777251184834,0.6273584905660378,0.597127594076788,0.029432539907293546,25,0.6171560161197467,0.614939200926462,0.6113033448673587,0.6332518337408313,0.6004489337822672,0.6154198658873331,0.010604705440177923,0.4230769230769231,0.4452296819787986,0.4908424908424908,0.4575645756457565,0.4854014598540146,0.46042302627959675,0.02523095655585901,27,0.47183098591549294,0.4715808170515098,0.4677846425419241,0.5,0.45300592718035565,0.47284047453785644,0.015226400320748498,0.8066666666666666,0.84,0.8933333333333333,0.8211920529801324,0.8866666666666667,0.8495717439293597,0.03472457572149529,15,0.891846921797005,0.8835274542429284,0.8818635607321131,0.8633333333333333,0.8901830282861897,0.8821508596783139,0.010145010637537203
2.9919508934020995,0.864449191643295,0.31956911087036133,0.09635286901427603,0.0001,0.022774839771632208,128,3,0.6,600,7,50,"{'clf__l2_regularization': 0.0001, 'clf__learning_rate': np.float64(0.022774839771632208), 'clf__max_bins': 128, 'clf__max_depth': 3, 'clf__max_features': 0.6, 'clf__max_iter': 600, 'clf__max_leaf_nodes': 7, 'clf__min_samples_leaf': 50}",0.6808263935476585,0.6327060771527516,0.6774149888661292,0.6779120734844266,0.7166524596771462,0.6771023985456225,0.026645307705922768,35,0.7320160830653867,0.7324574228482877,0.700255228966054,0.7258390563348965,0.6577999315305296,0.7096735445490309,0.028492786122185105,0.8767441860465116,0.8741860465116279,0.9136434108527132,0.8942324742307781,0.9059875824602251,0.8929587400203711,0.01558559927463848,36,0.9167663647653369,0.9166049603191888,0.9072611673969795,0.9133919744111659,0.9009734188294298,0.91099957714442,0.006081106522330947,0.5539906103286385,0.557919621749409,0.6027397260273972,0.5642201834862385,0.5972222222222222,0.5752184727627812,0.02055441134377357,40,0.6048150322959484,0.6101492537313433,0.572557876905703,0.5833333333333334,0.5633958103638368,0.586850261326033,0.01806836101015592,0.427536231884058,0.43223443223443225,0.4583333333333333,0.43157894736842106,0.4574468085106383,0.4414259506661766,0.013541781622811411,40,0.4673321234119782,0.4757914338919926,0.43333333333333335,0.44680851063829785,0.42126957955482275,0.4489069961660849,0.020361864935946297,0.7866666666666666,0.7866666666666666,0.88,0.8145695364238411,0.86,0.8255805739514349,0.03819947153754106,38,0.8569051580698835,0.8502495840266223,0.8435940099833611,0.84,0.8502495840266223,0.8481996672212977,0.005875993700910489
2.011240100860596,0.5026592044608142,0.18359818458557128,0.04348051269489726,0.05,0.04894008079513618,128,,0.9,150,31,30,"{'clf__l2_regularization': 0.05, 'clf__learning_rate': np.float64(0.04894008079513618), 'clf__max_bins': 128, 'clf__max_depth': None, 'clf__max_features': 0.9, 'clf__max_iter': 150, 'clf__max_leaf_nodes': 31, 'clf__min_samples_leaf': 30}",0.7408308704753275,0.6912617074426304,0.7149279098886965,0.7187625515069143,0.7767462481736241,0.7285058574974385,0.028793959865541046,25,0.8504058718489279,0.8128814422993443,0.8041333597693996,0.8488223894320408,0.7929285904919552,0.8218343307683333,0.023552955981466523,0.891077519379845,0.9020658914728682,0.9179031007751938,0.9205529300202764,0.9235351183546759,0.9110269120005718,0.012431897461020646,29,0.9643434105848406,0.9565442122349894,0.9468151781159769,0.9648536396239216,0.9433913333355913,0.955189554779064,0.008813068960911701,0.6721311475409836,0.59375,0.6545454545454545,0.663013698630137,0.6829268292682927,0.6532734259969736,0.03122328361148646,11,0.7439024390243902,0.7021140294682896,0.7100671140939597,0.748133061778683,0.7003942181340341,0.7209221724998713,0.020791828166949414,0.5694444444444444,0.48717948717948717,0.5361702127659574,0.5654205607476636,0.5753424657534246,0.5467114341781955,0.032685554008272104,7,0.6274285714285714,0.5708333333333333,0.595050618672666,0.6311569301260023,0.5787187839305103,0.6006376474982167,0.024694650559151623,0.82,0.76,0.84,0.8013245033112583,0.84,0.8122649006622517,0.029831578462250447,48,0.913477537437604,0.9118136439267887,0.8801996672212978,0.9183333333333333,0.8868552412645591,0.9021358846367166,0.01548770579379378
1.222123098373413,0.048070039671827165,0.15970249176025392,0.004220546174728422,1.0,0.03418422091405422,64,2,0.6,200,15,5,"{'clf__l2_regularization': 1.0, 'clf__learning_rate': np.float64(0.03418422091405422), 'clf__max_bins': 64, 'clf__max_depth': 2, 'clf__max_features': 0.6, 'clf__max_iter': 200, 'clf__max_leaf_nodes': 15, 'clf__min_samples_leaf': 5}",0.6568935143193473,0.6391517492105389,0.7058306761659562,0.6864740932485385,0.7401212323849939,0.6856942530658751,0.035676510427028886,30,0.7131858813189903,0.7194624684896062,0.7061180504761158,0.7119794472183405,0.7032307592544612,0.7107953213515028,0.0056804195813679684,0.8931472868217054,0.8913139534883722,0.919813953488372,0.8970888681587246,0.9269227784245246,0.9056573680763396,0.014753179004424098,30,0.9174824003817564,0.9169384165812456,0.9120195737373914,0.9175220509838132,0.9105890686212135,0.9149103020610841,0.0029859517543566463,0.5336225596529284,0.556745182012848,0.592274678111588,0.5633187772925764,0.6031746031746031,0.5698271600489088,0.025060779379210276,45,0.5770065075921909,0.5717391304347826,0.559447983014862,0.5704882062534284,0.5739130434782609,0.570518974154705,0.00596094572204184,0.3954983922829582,0.41009463722397477,0.43670886075949367,0.4201954397394137,0.4570446735395189,0.4239084007090718,0.021324160354642446,46,0.42799678197908286,0.4245359160613398,0.4107560405300078,0.42518397383483236,0.4261501210653753,0.4229245666941276,0.006195255689902714,0.82,0.8666666666666667,0.92,0.8543046357615894,0.8866666666666667,0.8695275938189845,0.03326895703043896,3,0.8851913477537438,0.8752079866888519,0.8768718801996672,0.8666666666666667,0.8785357737104825,0.8764947310038824,0.005969686747036735
1.419970703125,0.35345991413512956,0.16714186668395997,0.027429237078830937,0.001,0.0373860534782159,255,,1.0,200,7,80,"{'clf__l2_regularization': 0.001, 'clf__learning_rate': np.float64(0.0373860534782159), 'clf__max_bins': 255, 'clf__max_depth': None, 'clf__max_features': 1.0, 'clf__max_iter': 200, 'clf__max_leaf_nodes': 7, 'clf__min_samples_leaf': 80}",0.6469126287573497,0.5899633258034896,0.6247712065031098,0.664697752732085,0.6911002286105629,0.6434890284813194,0.03447815281509523,46,0.7016404284817301,0.6795510105728827,0.6932655937424133,0.6944937300438327,0.6555289494285556,0.684895942453883,0.01633116638707917,0.8568992248062016,0.8636162790697675,0.9033527131782945,0.8938007385763518,0.9002173069460614,0.8835772525153354,0.019404316769592995,47,0.9104861105061469,0.9032843747912873,0.9023445024242125,0.905598526703499,0.8919069167941962,0.9027240862438685,0.006098862035488209,0.5539906103286385,0.5552941176470588,0.602803738317757,0.5852534562211982,0.5920745920745921,0.577883302917849,0.01978823892379891,37,0.601269474899019,0.5887850467289719,0.5861062463514303,0.5887191539365453,0.5670454545454545,0.5863850752922842,0.011016821809187475,0.427536231884058,0.4290909090909091,0.46402877697841727,0.44876325088339225,0.4551971326164875,0.4449232602906529,0.0144103494027736,38,0.46024734982332155,0.45364536453645365,0.45143884892086333,0.45462794918330307,0.43054357204486626,0.4501006169017616,0.010200853207787831,0.7866666666666666,0.7866666666666666,0.86,0.8410596026490066,0.8466666666666667,0.8242119205298014,0.03126703959226257,40,0.8668885191347754,0.8386023294509152,0.8352745424292846,0.835,0.8302828618968386,0.8412096505823626,0.013110166999214395
1.395047903060913,0.15834407048039925,0.17413711547851562,0.012043691599900624,0.01,0.09016528817773747,128,5,1.0,200,15,5,"{'clf__l2_regularization': 0.01, 'clf__learning_rate': np.float64(0.09016528817773747), 'clf__max_bins': 128, 'clf__max_depth': 5, 'clf__max_features': 1.0, 'clf__max_iter': 200, 'clf__max_leaf_nodes': 15, 'clf__min_samples_leaf': 5}",0.7805325318322641,0.7582882589142502,0.7621022642474811,0.7440100915695994,0.7770292874340339,0.7643924867995257,0.013252460425576235,4,0.8615320198466597,0.8596989853186444,0.851021232712938,0.8649641332916507,0.8715402872487872,0.8617513316837361,0.006716263729688902,0.9130658914728684,0.9297945736434109,0.9377906976744186,0.9179894995721191,0.9303376018626308,0.9257956528450896,0.008983146691461797,5,0.963178007567376,0.9613805379631969,0.9587114359526832,0.9628203450615489,0.9614495855748804,0.961507982423937,0.001571725428995386,0.6595744680851063,0.6978021978021978,0.6898395721925134,0.6613333333333333,0.6980609418282548,0.6813221026482811,0.01730225458506311,3,0.737123745819398,0.7491361437456807,0.7232323232323232,0.7381275440976933,0.7393689986282579,0.7373977511046708,0.008281819873789429,0.5486725663716814,0.5934579439252337,0.5758928571428571,0.5535714285714286,0.5971563981042654,0.5737502388230931,0.0198841986748559,3,0.616331096196868,0.640661938534279,0.6074660633484162,0.6224256292906178,0.6289381563593932,0.6231645767459149,0.011253245876220902,0.8266666666666667,0.8466666666666667,0.86,0.8211920529801324,0.84,0.838905077262693,0.013928150015856448,22,0.9168053244592346,0.9018302828618968,0.8935108153078203,0.9066666666666666,0.8968386023294509,0.9031303383250139,0.00816482912294514
1.8941582202911378,0.07267347290821184,0.257761812210083,0.03825229268542261,0.001,0.03847266620823581,64,3,1.0,300,15,10,"{'clf__l2_regularization': 0.001, 'clf__learning_rate': np.float64(0.03847266620823581), 'clf__max_bins': 64, 'clf__max_depth': 3, 'clf__max_features': 1.0, 'clf__max_iter': 300, 'clf__max_leaf_nodes': 15, 'clf__min_samples_leaf': 10}",0.7468853098169611,0.7098942216767093,0.7483924246042803,0.7380410466811473,0.7799284210376904,0.7446282847633577,0.022428595033483784,15,0.7946517868143858,0.7888729336297361,0.7850917969797102,0.7921469326058223,0.7870061265532133,0.7895539153165736,0.0034518834326562452,0.90434496124031,0.9137906976744187,0.9337209302325581,0.9156110986901449,0.9356538610787738,0.9206243097832412,0.01211822270994006,12,0.9435023942062822,0.9392071484504688,0.9374435568409835,0.9406215469613259,0.9346139200973079,0.9390777133112737,0.002985762684587774,0.5813953488372093,0.5874125874125874,0.6456310679611651,0.6052009456264775,0.6365795724465558,0.611243904456799,0.025767259778352935,20,0.6286043829296425,0.6213704994192799,0.645398773006135,0.6535384615384615,0.6095346197502838,0.6316893473287605,0.01595092301875568,0.44642857142857145,0.45161290322580644,0.5076335877862596,0.47058823529411764,0.4944649446494465,0.4741456484768404,0.023761027054156166,22,0.48102383053839365,0.47725245316681536,0.511175898931001,0.5180487804878049,0.4625322997416021,0.4900066525731234,0.021131486871766934,0.8333333333333334,0.84,0.8866666666666667,0.847682119205298,0.8933333333333333,0.8602030905077263,0.024838910168661504,8,0.9068219633943427,0.8901830282861897,0.8752079866888519,0.885,0.8935108153078203,0.890144758735441,0.01038303094726706
0.7328458309173584,0.05886877981933828,0.1275338649749756,0.026539634408366423,0.0001,0.032700991803170085,64,2,0.9,100,15,10,"{'clf__l2_regularization': 0.0001, 'clf__learning_rate': np.float64(0.032700991803170085), 'clf__max_bins': 64, 'clf__max_depth': 2, 'clf__max_features': 0.9, 'clf__max_iter': 100, 'clf__max_leaf_nodes': 15, 'clf__min_samples_leaf': 10}",0.6147810366322188,0.5916467719529805,0.6606846850500039,0.6597662638577007,0.6889010157615133,0.6431559546508835,0.035025993924907434,47,0.6614148513479681,0.6685984415051521,0.6530270780868547,0.6616983029394504,0.6379172736391556,0.6565311895037161,0.010534936599406998,0.8825968992248061,0.8742054263565892,0.9097054263565891,0.8883308020260738,0.9118897943344974,0.8933456696597111,0.014957005556480593,35,0.9006699615436361,0.903813113494186,0.8973886357718713,0.902132887467287,0.8935224272427605,0.8995054051039482,0.0036631391821464643,0.5338983050847458,0.5450733752620545,0.5879828326180258,0.5534591194968553,0.5769230769230769,0.5594673418769517,0.020074344580909485,47,0.5674814027630181,0.5674666666666667,0.5584826132771338,0.554675118858954,0.555672268907563,0.5607556140946672,0.00562590105058293,0.391304347826087,0.39755351681957185,0.43354430379746833,0.4049079754601227,0.42452830188679247,0.4103676891580085,0.016094103815497193,48,0.4168618266978923,0.4175824175824176,0.40863531225905936,0.4060324825986079,0.4059861857252494,0.41101964497264537,0.005159333574555397,0.84,0.8666666666666667,0.9133333333333333,0.8741721854304636,0.9,0.8788344370860928,0.02575290130068615,1,0.8885191347753744,0.8851913477537438,0.8818635607321131,0.875,0.8801996672212978,0.8821547420965057,0.004578731416245259
3.3041794300079346,0.2858584991382433,0.30872502326965334,0.022382497850509376,0.05,0.016340724529972518,64,2,0.9,600,15,50,"{'clf__l2_regularization': 0.05, 'clf__learning_rate': np.float64(0.016340724529972518), 'clf__max_bins': 64, 'clf__max_depth': 2, 'clf__max_features': 0.9, 'clf__max_iter': 600, 'clf__max_leaf_nodes': 15, 'clf__min_samples_leaf': 50}",0.6543300472364976,0.6013791355283872,0.6523345502725434,0.6477607871892219,0.6935851169308924,0.6498779274315085,0.029301159974799297,43,0.6935627944888676,0.6946098027890691,0.6694520784827523,0.6805640140071393,0.6363730767256568,0.6749123532986971,0.021367546333709207,0.8722093023255815,0.8603643410852713,0.9057441860465117,0.8800931315483118,0.9063096623981373,0.8849441246807628,0.018324859350956995,44,0.9018060842942583,0.9029332535748544,0.8968139197904598,0.8964633614422799,0.8934614645843243,0.8982956167372353,0.003542673291513727,0.532150776053215,0.547945205479452,0.5809312638580931,0.5645514223194749,0.592255125284738,0.5635667585989946,0.021709513443717614,46,0.5754189944134078,0.5783814374646293,0.5537280701754386,0.5662718556119571,0.555858310626703,0.5659317336584271,0.009955121078324808,0.39867109634551495,0.4166666666666667,0.43521594684385384,0.4215686274509804,0.44982698961937717,0.4243898653852787,0.017281860964019288,45,0.43313708999158956,0.43825042881646653,0.4129190515126738,0.4279624893435635,0.413290113452188,0.4251118346232963,0.010330253286956905,0.8,0.8,0.8733333333333333,0.8543046357615894,0.8666666666666667,0.838860927152318,0.03231209492351842,23,0.8569051580698835,0.8502495840266223,0.8402662229617305,0.8366666666666667,0.848585690515807,0.846534664448142,0.007241894948798512
1.5394396781921387,0.25508905991380054,0.17531771659851075,0.013692123170077146,0.05,0.028079450871876098,255,4,1.0,200,7,80,"{'clf__l2_regularization': 0.05, 'clf__learning_rate': np.float64(0.028079450871876098), 'clf__max_bins': 255, 'clf__max_depth': 4, 'clf__max_features': 1.0, 'clf__max_iter': 200, 'clf__max_leaf_nodes': 7, 'clf__min_samples_leaf': 80}",0.6417304693029023,0.5958171521126389,0.633561680823475,0.6667366305416891,0.6901070851069878,0.6455906035775386,0.03183037440590529,45,0.6895416948006445,0.689803125460588,0.6844981041688282,0.6861287824394323,0.6499345445680642,0.6799812502875116,0.01515829790140914,0.8613372093023256,0.8636899224806202,0.903751937984496,0.8919388785666377,0.8953783469150175,0.8832192590498193,0.01735330040338757,48,0.9050002952225252,0.9061410157009987,0.896569514257312,0.9009266259571582,0.8890409461017524,0.8995356794479493,0.006234818180460405,0.5501165501165501,0.557919621749409,0.5954545454545455,0.5720620842572062,0.5825688073394495,0.571624321783432,0.016360048932578974,42,0.6004645760743321,0.5928529584065613,0.562605277933745,0.5773672055427251,0.5636160714285714,0.5793812178771869,0.015231704008255575,0.4229390681003584,0.43223443223443225,0.4517241379310345,0.43,0.44405594405594406,0.4361907164643538,0.010322134732137323,42,0.46119536128456734,0.45750452079566006,0.4245762711864407,0.4416961130742049,0.42401343408900083,0.44179714008597476,0.015721587232384482,0.7866666666666666,0.7866666666666666,0.8733333333333333,0.8543046357615894,0.8466666666666667,0.8295275938189846,0.036057483530094935,35,0.8602329450915142,0.8419301164725458,0.8336106489184693,0.8333333333333334,0.8402662229617305,0.8418746533555186,0.009806782520377293
2.2014943599700927,0.5564505002341684,0.2053450584411621,0.035038367544714295,0.5,0.050716661834446466,128,,0.75,200,31,5,"{'clf__l2_regularization': 0.5, 'clf__learning_rate': np.float64(0.050716661834446466), 'clf__max_bins': 128, 'clf__max_depth': None, 'clf__max_features': 0.75, 'clf__max_iter': 200, 'clf__max_leaf_nodes': 31, 'clf__min_samples_leaf': 5}",0.7848173818416915,0.7605762959918115,0.7726543975508299,0.7586130373912401,0.7826445876077522,0.771861140076665,0.010840997459024343,1,0.8786296630894412,0.8851001156146944,0.8800484106500778,0.9072576598819226,0.8287089421840974,0.8759489582840467,0.025766603522053885,0.9113720930232558,0.9287635658914728,0.9431589147286821,0.922160374376489,0.9300271633682576,0.9270964222776314,0.010401839974657372,3,0.9711562753177514,0.9715173179469161,0.9694284975883707,0.97687675680915,0.9504738879032185,0.9678905471130813,0.009058429464168634,0.6944444444444444,0.7045454545454546,0.7142857142857143,0.6988636363636364,0.684931506849315,0.6994141512977129,0.0098208115942131,2,0.7646652864044169,0.7791107974594214,0.7693389592123769,0.804005722460658,0.7152496626180836,0.7664740856309914,0.028995623867175066,0.5952380952380952,0.6138613861386139,0.6074766355140186,0.6119402985074627,0.5813953488372093,0.60198235284708,0.012163626108521307,2,0.6533018867924528,0.6764705882352942,0.6662606577344702,0.7042606516290727,0.601589103291714,0.6603765775366008,0.03383923733276724,0.8333333333333334,0.8266666666666667,0.8666666666666667,0.8145695364238411,0.8333333333333334,0.8349139072847682,0.017292452457280054,33,0.9217970049916805,0.9184692179700499,0.9101497504159733,0.9366666666666666,0.8818635607321131,0.9137892401552966,0.018121247341168684
2.481151819229126,0.6831344957317083,0.2333080291748047,0.054691560851671844,1.0,0.03443096382548259,128,7,0.9,300,63,20,"{'clf__l2_regularization': 1.0, 'clf__learning_rate': np.float64(0.03443096382548259), 'clf__max_bins': 128, 'clf__max_depth': 7, 'clf__max_features': 0.9, 'clf__max_iter': 300, 'clf__max_leaf_nodes': 63, 'clf__min_samples_leaf': 20}",0.7678577652653648,0.7215247747603867,0.7661309194785656,0.7514124224970385,0.7650878251185776,0.7544027414239867,0.01745085407554616,7,0.8237637286267576,0.8185575046280501,0.8116017278216855,0.8302738083783768,0.7663515302442807,0.8101096599398302,0.02272176372930567,0.9063023255813955,0.9120581395348837,0.9348565891472869,0.9239065909073387,0.9255995343422584,0.9205446359026326,0.010164160262923872,13,0.9556786294705644,0.952749392857938,0.9533030560855043,0.9587770185131337,0.9315897367913031,0.9504195667436888,0.009652044730383015,0.6613333333333333,0.6630727762803235,0.6735751295336787,0.6649350649350649,0.6350710900473934,0.6595974788259588,0.012965332040202993,7,0.7148488830486203,0.7101063829787234,0.7179144385026738,0.7367706919945726,0.6259453170447935,0.7011171427138768,0.038661337870566116,0.5511111111111111,0.5565610859728507,0.5508474576271186,0.5470085470085471,0.49264705882352944,0.5396350521086315,0.023690287166313398,10,0.5906623235613464,0.5913621262458472,0.6,0.6212814645308925,0.481216457960644,0.576904474459746,0.04910645406941564,0.8266666666666667,0.82,0.8666666666666667,0.847682119205298,0.8933333333333333,0.8508697571743928,0.026838741340332675,13,0.9051580698835274,0.8885191347753744,0.8935108153078203,0.905,0.8951747088186356,0.8974725457570715,0.006585875483685649
2.2627137184143065,0.10017831503839805,0.23930916786193848,0.024315036205600916,0.001,0.015658550251115576,255,4,1.0,300,7,5,"{'clf__l2_regularization': 0.001, 'clf__learning_rate': np.float64(0.015658550251115576), 'clf__max_bins': 255, 'clf__max_depth': 4, 'clf__max_features': 1.0, 'clf__max_iter': 300, 'clf__max_leaf_nodes': 7, 'clf__min_samples_leaf': 5}",0.7337417038745678,0.6915957225688709,0.7261035681344588,0.7326240219114969,0.7771378161764171,0.7322405665331623,0.02723170786822215,22,0.7693003983889478,0.7627221284281784,0.7662834968983255,0.7733153694796195,0.7554533126287184,0.7654149411647581,0.006078704105085416,0.896937984496124,0.9096434108527132,0.9263759689922482,0.9107502177952185,0.9363756305781916,0.916016642542899,0.013814141616263492,22,0.9359292104781735,0.9316511457053833,0.930860336514961,0.9336694290976059,0.9276687734264739,0.9319557790445195,0.00277113575410608,0.5526315789473685,0.5694444444444444,0.6409638554216868,0.5938242280285035,0.6261682242990654,0.5966064662282137,0.03322885042984705,26,0.6069042316258352,0.6058857472590883,0.628119293974437,0.6257594167679222,0.5994366197183099,0.6132210618691185,0.011514232007319205,0.4117647058823529,0.43617021276595747,0.5018867924528302,0.46296296296296297,0.48201438848920863,0.4589598125106624,0.03205310668322479,29,0.4560669456066946,0.4637809187279152,0.4952015355086372,0.49235181644359466,0.45315161839863716,0.47211056693709574,0.018050615310964815,0.84,0.82,0.8866666666666667,0.8278145695364238,0.8933333333333333,0.8535629139072848,0.030498995949121945,10,0.9068219633943427,0.8735440931780366,0.8585690515806988,0.8583333333333333,0.8851913477537438,0.876491957848031,0.018194750565022174
1.687447452545166,0.08172538430606886,0.1922523021697998,0.01825575298066767,0.5,0.04084555776466553,128,2,0.9,300,7,5,"{'clf__l2_regularization': 0.5, 'clf__learning_rate': np.float64(0.04084555776466553), 'clf__max_bins': 128, 'clf__max_depth': 2, 'clf__max_features': 0.9, 'clf__max_iter': 300, 'clf__max_leaf_nodes': 7, 'clf__min_samples_leaf': 5}",0.7160666889976369,0.6883734752870928,0.7307429345900983,0.7178848643312836,0.7743003231911113,0.7254736572794446,0.02805107100257209,27,0.765036207400054,0.7592324198748244,0.752267387744236,0.7625870840855847,0.7430535068180886,0.7564353211845576,0.007950947320502751,0.9057441860465115,0.9082751937984497,0.9272131782945737,0.9058199508129737,0.936662786185487,0.9167430590275991,0.012793851405819312,19,0.9307933064826026,0.9281031517182435,0.9252249740833342,0.931472811863914,0.9224709810488385,0.9276130450393865,0.003388090090821704,0.5478260869565217,0.5740318906605922,0.6167800453514739,0.5868544600938967,0.6218097447795824,0.5894604455684134,0.027463025964452586,32,0.5958149779735683,0.6044647967945048,0.5902192242833052,0.6229116945107399,0.5900900900900901,0.6007001567304416,0.01227854515761792,0.4064516129032258,0.4359861591695502,0.46735395189003437,0.45454545454545453,0.47686832740213525,0.44824110118208005,0.02498443094772432,36,0.44526748971193414,0.4607329842931937,0.4456706281833616,0.4851301115241636,0.4459574468085106,0.4565517321042328,0.015441360496855948,0.84,0.84,0.9066666666666666,0.8278145695364238,0.8933333333333333,0.8615629139072848,0.03197679572316983,7,0.9001663893510815,0.8785357737104825,0.8735440931780366,0.87,0.8718801996672213,0.8788252911813643,0.011041172078918915
1.1451499462127686,0.32745563664656535,0.14805855751037597,0.03363668873048446,1e-05,0.1645564576013757,128,3,0.9,300,63,10,"{'clf__l2_regularization': 1e-05, 'clf__learning_rate': np.float64(0.1645564576013757), 'clf__max_bins': 128, 'clf__max_depth': 3, 'clf__max_features': 0.9, 'clf__max_iter': 300, 'clf__max_leaf_nodes': 63, 'clf__min_samples_leaf': 10}",0.7443294630776754,0.7415686402637686,0.7535221158356054,0.73517222626583,0.7807109726398194,0.7510606836165398,0.015956500754689972,11,0.8570759602010188,0.8254755355880302,0.8085258625331628,0.8347160326751986,0.8107072361867864,0.8273001254368394,0.017735399997907755,0.9044263565891473,0.9248372093023256,0.9360891472868217,0.9164013291290505,0.9378230500582073,0.9239154184731104,0.012480037336938175,7,0.9627092813122207,0.9537785579395984,0.9469555298082796,0.9555301928855287,0.9425574512576936,0.9523062026406641,0.006992193394894957,0.6666666666666666,0.6776859504132231,0.6701298701298701,0.6509186351706037,0.6718346253229974,0.6674471495406722,0.009000899039608478,6,0.744535519125683,0.7222222222222222,0.7010033444816054,0.7366283006093433,0.6650124069478908,0.713880358677349,0.028568124238338835,0.5648148148148148,0.5774647887323944,0.548936170212766,0.5391304347826087,0.5485232067510548,0.5557738830587278,0.013627654459696697,6,0.6315179606025493,0.6091428571428571,0.5861297539149888,0.6202964652223489,0.5301681503461919,0.5954510374457872,0.035928612076542105,0.8133333333333334,0.82,0.86,0.8211920529801324,0.8666666666666667,0.8362384105960263,0.022383982304781874,28,0.9068219633943427,0.8868552412645591,0.8718801996672213,0.9066666666666666,0.891846921797005,0.892814198557959,0.013136098768876881
1.659328556060791,0.48968072550246244,0.2067962646484375,0.04424773008016959,1.0,0.05718405991601648,64,3,0.6,600,63,50,"{'clf__l2_regularization': 1.0, 'clf__learning_rate': np.float64(0.05718405991601648), 'clf__max_bins': 64, 'clf__max_depth': 3, 'clf__max_features': 0.6, 'clf__max_iter': 600, 'clf__max_leaf_nodes': 63, 'clf__min_samples_leaf': 50}",0.683166683186162,0.6465459491498642,0.6795508700580893,0.6826818210338783,0.7210369247913722,0.6825964496438732,0.023608967470071008,32,0.7324457582045631,0.7378510407998896,0.7190947738672345,0.7312759249862684,0.6610393575351324,0.7163413710786176,0.028322965965877352,0.8765852713178295,0.8777286821705426,0.9143217054263565,0.8964451194597136,0.9075669383003492,0.8945295433349584,0.015294695902280612,32,0.9162603727160182,0.9192433301488019,0.914344330130411,0.9155813220897546,0.9017047288153552,0.9134268167800682,0.006078683034026502,0.5501165501165501,0.5528846153846154,0.6066350710900474,0.5806451612903226,0.5967365967365967,0.5774035989236264,0.0227355012366818,39,0.5981524249422633,0.6150121065375302,0.6014150943396226,0.5937315198107629,0.5690423162583519,0.5954706923777062,0.015005853905206984,0.4229390681003584,0.4323308270676692,0.47058823529411764,0.4452296819787986,0.45878136200716846,0.44597383488962244,0.01724637564916082,37,0.45800176834659595,0.483349191246432,0.4657534246575342,0.46012832263978004,0.4276150627615063,0.45896955393036976,0.018032033096808685,0.7866666666666666,0.7666666666666667,0.8533333333333334,0.8344370860927153,0.8533333333333334,0.8188874172185431,0.03572119267437269,45,0.8618968386023295,0.8452579034941764,0.848585690515807,0.8366666666666667,0.8502495840266223,0.8485313366611204,0.008161834711224877
1.1326764583587647,0.21523312629062671,0.15551199913024902,0.027396736189195033,0.01,0.14757169712664564,255,2,0.6,200,31,20,"{'clf__l2_regularization': 0.01, 'clf__learning_rate': np.float64(0.14757169712664564), 'clf__max_bins': 255, 'clf__max_depth': 2, 'clf__max_features': 0.6, 'clf__max_iter': 200, 'clf__max_leaf_nodes': 31, 'clf__min_samples_leaf': 20}",0.7352033995387893,0.6976691453069044,0.7495073824321953,0.7123857760435163,0.7822043457923733,0.7353940098227557,0.029471937149299094,19,0.7874460166066487,0.7752013768973574,0.7663644276426089,0.7828334563485202,0.747055453859761,0.7717801462709792,0.014282439561462695,0.8950930232558139,0.9116589147286822,0.932484496124031,0.9083641073479867,0.9394179278230501,0.9174036938559127,0.016275992923880274,17,0.9415694126233278,0.9367805160876919,0.9373803985794473,0.9397140641659397,0.9237429717554196,0.9358374726423653,0.006283788680046918,0.6126582278481013,0.5885167464114832,0.6435643564356436,0.5893719806763285,0.6330935251798561,0.6134409673102825,0.022337355211743924,19,0.6646001239925604,0.6301204819277109,0.6575512740832815,0.6585987261146496,0.5941946499715424,0.6410130512179489,0.02626682143009633,0.49387755102040815,0.458955223880597,0.5118110236220472,0.46387832699619774,0.4943820224719101,0.484580829598232,0.020046152548088284,19,0.5296442687747036,0.493862134088763,0.5248015873015873,0.5329896907216495,0.4515570934256055,0.5065709548624617,0.030824413876252368,0.8066666666666666,0.82,0.8666666666666667,0.8079470198675497,0.88,0.8362560706401766,0.03091773187779706,26,0.891846921797005,0.870216306156406,0.8801996672212978,0.8616666666666667,0.8685524126455907,0.8744963948973933,0.010505428216018022
0.8517062187194824,0.1412467219588579,0.13725523948669432,0.004119235032954797,0.001,0.14928258281860515,64,5,0.9,100,63,30,"{'clf__l2_regularization': 0.001, 'clf__learning_rate': np.float64(0.14928258281860515), 'clf__max_bins': 64, 'clf__max_depth': 5, 'clf__max_features': 0.9, 'clf__max_iter': 100, 'clf__max_leaf_nodes': 63, 'clf__min_samples_leaf': 30}",0.7469037879109708,0.704505613287996,0.7157060118025771,0.7022701395927645,0.7850540717941611,0.7308879248776938,0.03141965570953197,23,0.8153631217558769,0.8050907431907343,0.7908357070711786,0.810978990174529,0.7816153163939764,0.800776775717259,0.012660516223097162,0.8968100775193799,0.9046085271317831,0.9175426356589148,0.9133059386781178,0.93081490104773,0.9126164160071852,0.01157492600385518,28,0.9512045562999034,0.9509485354542895,0.9401034633957946,0.9514405835029562,0.9355070714264634,0.9458408420158815,0.006721895505412072,0.6456692913385826,0.6685393258426966,0.6544502617801047,0.6368421052631579,0.670076726342711,0.6551155421134507,0.012865673313874447,9,0.6995457495133031,0.713031735313977,0.6952380952380952,0.7110215053763441,0.6459854014598541,0.6929644973803146,0.02443058393250393,0.5324675324675324,0.5776699029126213,0.5387931034482759,0.5283842794759825,0.5435684647302904,0.5441766566069404,0.01753654956724649,8,0.573404255319149,0.6,0.5880322209436134,0.5957207207207207,0.5091083413231065,0.5732531076613179,0.03332622381840833,0.82,0.7933333333333333,0.8333333333333334,0.8013245033112583,0.8733333333333333,0.8242649006622516,0.028253002040881114,39,0.8968386023294509,0.8785357737104825,0.8502495840266223,0.8816666666666667,0.8835274542429284,0.8781636161952301,0.015291363061852508
1.5434587001800537,0.28627440863485953,0.18608131408691406,0.030925198746209717,0.05,0.08485199566807483,128,4,1.0,600,7,20,"{'clf__l2_regularization': 0.05, 'clf__learning_rate': np.float64(0.08485199566807483), 'clf__max_bins': 128, 'clf__max_depth': 4, 'clf__max_features': 1.0, 'clf__max_iter': 600, 'clf__max_leaf_nodes': 7, 'clf__min_samples_leaf': 20}",0.7585074607424789,0.7155209768462291,0.7540724836152856,0.7410570821407653,0.7942250958127685,0.7526766198315055,0.02560382182250685,9,0.8160721111210785,0.8074760114677803,0.7875553248883203,0.824740315130216,0.7926047810526337,0.8056897087320056,0.013956947880797618,0.9055658914728683,0.9149806201550388,0.9348410852713178,0.9171761404374408,0.9405393868839735,0.922620624844128,0.013033017291186628,9,0.951361846989553,0.9487285588591441,0.9432478252747263,0.9538363865464767,0.9398678368271549,0.9474084908994109,0.0051548433248976315,0.6354166666666666,0.6157635467980296,0.671875,0.6310432569974554,0.6857142857142857,0.6479625512352876,0.026372092393148614,14,0.6964980544747081,0.6645924082140635,0.6991978609625669,0.7126741871267419,0.6559206447613143,0.6857766311078789,0.021719613578294335,0.5213675213675214,0.48828125,0.5512820512820513,0.512396694214876,0.5617021276595745,0.5270059289048046,0.026600670892921778,14,0.5706695005313497,0.5308151093439364,0.5843575418994413,0.5920617420066152,0.5227272727272727,0.560126233301723,0.02819935373795451,0.8133333333333334,0.8333333333333334,0.86,0.8211920529801324,0.88,0.8415717439293597,0.024887517078890385,21,0.8935108153078203,0.8885191347753744,0.870216306156406,0.895,0.8801996672212978,0.8854891846921797,0.009221958326767312
3.4457048416137694,0.7983669053203283,0.33168768882751465,0.06886753902731442,1.0,0.015197957678137083,128,3,0.75,600,31,50,"{'clf__l2_regularization': 1.0, 'clf__learning_rate': np.float64(0.015197957678137083), 'clf__max_bins': 128, 'clf__max_depth': 3, 'clf__max_features': 0.75, 'clf__max_iter': 600, 'clf__max_leaf_nodes': 31, 'clf__min_samples_leaf': 50}",0.6746746064631399,0.6302159470538103,0.6792892553709452,0.6746151059647699,0.7063143944980081,0.6730218618701347,0.0244347673808008,37,0.7159005108005817,0.7212681861895108,0.7009501341233803,0.7110192745919346,0.6435334319504635,0.6985343075311741,0.02830272492225104,0.8759224806201551,0.8748798449612403,0.9140426356589146,0.890689928994904,0.9026387272021732,0.8916347234874774,0.015176928494394138,39,0.9113069259204409,0.9118315508668411,0.9078789568287874,0.907506057962586,0.8958048982044562,0.9068656779566222,0.00579934904256176,0.5384615384615384,0.5467289719626168,0.6040268456375839,0.5752212389380531,0.591743119266055,0.5712363428531695,0.025244497932764978,43,0.5823068309070548,0.5953216374269006,0.5610708310094813,0.5781339439038351,0.5628085573230938,0.5759283601140732,0.01276341718201511,0.4075342465753425,0.420863309352518,0.45454545454545453,0.4318936877076412,0.45104895104895104,0.4331771298459815,0.017814837382768043,43,0.4388185654008439,0.45897204688908927,0.42197986577181207,0.44027898866608545,0.4198036006546645,0.435970613476499,0.014232724200861984,0.7933333333333333,0.78,0.9,0.8609271523178808,0.86,0.8388520971302429,0.045186580036381534,25,0.8652246256239601,0.8469217970049917,0.8369384359400999,0.8416666666666667,0.8535773710482529,0.8488657792567942,0.009876019029435152
5.074844074249268,1.5756751137323612,0.32148032188415526,0.08389573498002943,1.0,0.023659000341989582,64,,0.6,300,63,20,"{'clf__l2_regularization': 1.0, 'clf__learning_rate': np.float64(0.023659000341989582), 'clf__max_bins': 64, 'clf__max_depth': None, 'clf__max_features': 0.6, 'clf__max_iter': 300, 'clf__max_leaf_nodes': 63, 'clf__min_samples_leaf': 20}",0.7616696108138928,0.7035262623686311,0.7550339227097981,0.7706526329389558,0.7595260307114435,0.7500816919085442,0.023826756491021832,13,0.8420566080633537,0.835568040016038,0.8633593990490378,0.8845146188466039,0.8034998838345633,0.8457997099619193,0.027258613401619475,0.8950697674418605,0.9048720930232558,0.9299573643410852,0.9261924770062216,0.924024058983314,0.9160231521591473,0.013601341095262372,21,0.9639467960612476,0.9606753917022144,0.9682810015109586,0.9739352524958806,0.946197550946155,0.9626071985432911,0.009330806823766458,0.6666666666666666,0.6217616580310881,0.7084468664850136,0.6829268292682927,0.679144385026738,0.6717892810955598,0.028463750096540154,4,0.7411371237458194,0.7162249515190692,0.7657534246575343,0.777394900068918,0.7005208333333334,0.7402062466649348,0.028936327775652637,0.5555555555555556,0.5084745762711864,0.5990783410138248,0.5779816513761468,0.5669642857142857,0.5616108819861998,0.030201342589701183,4,0.6196868008948546,0.5856236786469344,0.6507566938300349,0.6627497062279671,0.5754010695187166,0.6188435898237016,0.03446075837521806,0.8333333333333334,0.8,0.8666666666666667,0.8344370860927153,0.8466666666666667,0.8362207505518764,0.02172340847649902,29,0.9217970049916805,0.9217970049916805,0.930116472545757,0.94,0.8951747088186356,0.9217770382695507,0.014895014117694507
2.2321942329406737,0.9430374874715538,0.23734307289123535,0.07286767461107219,0.0,0.03331507359905273,255,4,0.75,600,15,80,"{'clf__l2_regularization': 0.0, 'clf__learning_rate': np.float64(0.03331507359905273), 'clf__max_bins': 255, 'clf__max_depth': 4, 'clf__max_features': 0.75, 'clf__max_iter': 600, 'clf__max_leaf_nodes': 15, 'clf__min_samples_leaf': 80}",0.657237664733569,0.5819936904937679,0.6386015835407357,0.6636863914452066,0.6872596407621008,0.645755794195076,0.03547590040343241,44,0.7163370635580618,0.6822184328065615,0.7161404657303506,0.710592131119252,0.654269955886307,0.6959116098201065,0.024345241492004285,0.8637751937984497,0.8635891472868217,0.9023992248062015,0.8970194820714061,0.8967520372526194,0.8847070170430996,0.0172846704905946,45,0.9167494257679899,0.9045523797355386,0.9142898833532245,0.9136350198701173,0.8939339251872062,0.9086321267828152,0.008433399760270221,0.558252427184466,0.5496535796766744,0.6206896551724138,0.6042154566744731,0.596244131455399,0.5858110500326852,0.02731640102260382,34,0.6228123114061557,0.5758443045220378,0.6328320802005013,0.6082725060827251,0.5711048158640226,0.6021732036150885,0.024745086863396562,0.4389312977099237,0.4204946996466431,0.4921875,0.4673913043478261,0.4601449275362319,0.4558299458481249,0.02452875762957394,31,0.48863636363636365,0.4389179755671902,0.507537688442211,0.4789272030651341,0.4329896907216495,0.46940178428650975,0.028879587889230795,0.7666666666666667,0.7933333333333333,0.84,0.8543046357615894,0.8466666666666667,0.8201942604856512,0.03418562860536735,43,0.8585690515806988,0.8369384359400999,0.8402662229617305,0.8333333333333334,0.8386023294509152,0.8415418746533556,0.008817763502609953
0.9777331352233887,0.09475847995473344,0.12084894180297852,0.007315743140288113,0.05,0.18935891405677543,255,,1.0,200,31,10,"{'clf__l2_regularization': 0.05, 'clf__learning_rate': np.float64(0.18935891405677543), 'clf__max_bins': 255, 'clf__max_depth': None, 'clf__max_features': 1.0, 'clf__max_iter': 200, 'clf__max_leaf_nodes': 31, 'clf__min_samples_leaf': 10}",0.7550546742788694,0.7149358242273113,0.7607396688067053,0.7614346896233669,0.7799700703833068,0.754426985463912,0.02145391752028451,6,0.9089410832983594,0.9069272280573695,0.903419473682968,0.9226428645271635,0.8633182131638625,0.9010497725459444,0.019961788230876187,0.8881937984496123,0.9022325581395348,0.9372829457364342,0.9165670847820893,0.9350601474582849,0.9158673069131911,0.018863795208108478,23,0.9770268478268235,0.9772978717843732,0.9752107453255627,0.9794712610254919,0.9612645203617698,0.9740542492648041,0.006536300088390474,0.6994219653179191,0.6842105263157895,0.7215909090909091,0.6781609195402298,0.7220630372492837,0.7010894715028262,0.01829533965743301,1,0.800286327845383,0.8014336917562724,0.7960199004975125,0.8208092485549133,0.7652050919377652,0.7967508521183693,0.017938251254973295,0.6173469387755102,0.609375,0.6287128712871287,0.5989847715736041,0.6331658291457286,0.6175170821563942,0.012489979685688862,1,0.7022613065326633,0.7040302267002518,0.6947890818858561,0.7244897959183674,0.6654366543665436,0.6982014130807365,0.019113923161155177,0.8066666666666666,0.78,0.8466666666666667,0.7814569536423841,0.84,0.8109580573951435,0.028162640789054626,49,0.930116472545757,0.930116472545757,0.9317803660565723,0.9466666666666667,0.9001663893510815,0.927769273433167,0.015140265731171238
1.6153759956359863,0.07752983947595911,0.1885983467102051,0.00644690369221654,0.01,0.055147673480596855,255,2,0.6,300,7,20,"{'clf__l2_regularization': 0.01, 'clf__learning_rate': np.float64(0.055147673480596855), 'clf__max_bins': 255, 'clf__max_depth': 2, 'clf__max_features': 0.6, 'clf__max_iter': 300, 'clf__max_leaf_nodes': 7, 'clf__min_samples_leaf': 20}",0.7178100952555676,0.6694419312585931,0.7419161183720486,0.7053713040597859,0.782106916479777,0.7233292730851545,0.03756881090827265,28,0.7617152519896875,0.7530927770637627,0.7401654753393963,0.7567752353213747,0.7416354348795915,0.7506768349187625,0.008451147972025015,0.8930348837209302,0.9023062015503877,0.9299728682170543,0.906436716033583,0.9389406286379511,0.9141382596319811,0.017381347384124897,26,0.93287462528518,0.9276322475920006,0.925584322812764,0.9301870698846563,0.9214002638812216,0.9275357058911645,0.003924147199018367,0.5487528344671202,0.5767441860465117,0.6338028169014085,0.5657015590200446,0.6365795724465558,0.5923161937763282,0.036135796855410324,28,0.6125714285714285,0.6010483401281305,0.5957446808510638,0.6013824884792627,0.5948717948717949,0.6011237465803361,0.006310995242562618,0.41580756013745707,0.44285714285714284,0.4891304347826087,0.4261744966442953,0.4944649446494465,0.4536869158141901,0.03233621329073424,33,0.46649260226283723,0.46236559139784944,0.45518453427065025,0.4595070422535211,0.45233968804159447,0.45917789164529055,0.005029566440579324,0.8066666666666666,0.8266666666666667,0.9,0.8410596026490066,0.8933333333333333,0.8535452538631347,0.03692448125572869,11,0.891846921797005,0.8585690515806988,0.8618968386023295,0.87,0.8685524126455907,0.8701730449251247,0.011623782386331577
1.6520799160003663,0.10737354945375018,0.1966409683227539,0.010759409863082135,0.001,0.015975160554063176,64,2,1.0,300,15,50,"{'clf__l2_regularization': 0.001, 'clf__learning_rate': np.float64(0.015975160554063176), 'clf__max_bins': 64, 'clf__max_depth': 2, 'clf__max_features': 1.0, 'clf__max_iter': 300, 'clf__max_leaf_nodes': 15, 'clf__min_samples_leaf': 50}",0.6075411558646888,0.5793377488037172,0.6424100329305958,0.6411674485252558,0.6720228570107522,0.628495848627002,0.031951188881335316,49,0.6588632166102214,0.6665587301904161,0.6392593145031276,0.6484510662767102,0.6203242507544205,0.6466913156669791,0.016102315411326378,0.8651627906976744,0.8504263565891473,0.895875968992248,0.8750433663045741,0.8995498641831587,0.8772116693533605,0.018518536789453664,50,0.8882352855769761,0.8927374290860975,0.8831332595760992,0.8865081903654163,0.8865523632948673,0.8874333055798914,0.0031272732911959687,0.5251641137855579,0.5230769230769231,0.5763440860215053,0.5572354211663066,0.5714285714285714,0.5506498230957728,0.022561506270705096,50,0.5618838992332968,0.5676126878130217,0.5435130806193272,0.5609756097560976,0.5508658008658008,0.5569702156575088,0.008623317750540364,0.39087947882736157,0.3901639344262295,0.4253968253968254,0.41346153846153844,0.42953020134228187,0.4098863956908473,0.0166701682232427,49,0.41877551020408166,0.42642140468227424,0.4001572327044025,0.420265780730897,0.4081796311146752,0.4147599118872661,0.009369827854737472,0.8,0.7933333333333333,0.8933333333333333,0.8543046357615894,0.8533333333333334,0.8388609271523177,0.03741158956663057,24,0.8535773710482529,0.848585690515807,0.8469217970049917,0.8433333333333334,0.8469217970049917,0.8478679977814754,0.003330639561297085
0.6561635494232178,0.13699873863486925,0.11975841522216797,0.018533463998508096,0.01,0.1478999095043675,64,7,1.0,450,7,80,"{'clf__l2_regularization': 0.01, 'clf__learning_rate': np.float64(0.1478999095043675), 'clf__max_bins': 64, 'clf__max_depth': 7, 'clf__max_features': 1.0, 'clf__max_iter': 450, 'clf__max_leaf_nodes': 7, 'clf__min_samples_leaf': 80}",0.6549684063599301,0.6126615341355226,0.6425306054610037,0.6597762131063701,0.704609898223489,0.6549093314572632,0.029772287784259867,40,0.7222474263038304,0.7255481081598797,0.7092569597248282,0.7059973660202729,0.6752306221365273,0.7076560964690677,0.017831189103627552,0.8646007751937985,0.8633488372093023,0.9040426356589146,0.8961097533710073,0.8975475358944509,0.8851299074654948,0.01748316958083167,43,0.9166724743228999,0.9206664479116151,0.9114712341947055,0.9122826403024134,0.8973976686137624,0.9116980930690792,0.00787491152279319,0.548926014319809,0.57,0.6262135922330098,0.6070588235294118,0.596244131455399,0.5896885123075258,0.027305691996367138,31,0.6151100535395598,0.6379525593008739,0.6152897657213316,0.6110429447852761,0.5714285714285714,0.6101647789551226,0.021559902204686888,0.4275092936802974,0.456,0.49236641221374045,0.4708029197080292,0.4601449275362319,0.46136471062765977,0.02110280805705997,25,0.4787037037037037,0.5104895104895105,0.4887365328109696,0.48349514563106794,0.43336199484092863,0.4789573774952361,0.02525668980408024,0.7666666666666667,0.76,0.86,0.8543046357615894,0.8466666666666667,0.8175275938189845,0.044501235103469323,46,0.8602329450915142,0.8502495840266223,0.8302828618968386,0.83,0.8386023294509152,0.8418735440931779,0.01177498584567554
1.701500129699707,0.16455966934847885,0.1971529483795166,0.012338982309320108,0.01,0.06605188655093977,64,5,0.9,450,7,5,"{'clf__l2_regularization': 0.01, 'clf__learning_rate': np.float64(0.06605188655093977), 'clf__max_bins': 64, 'clf__max_depth': 5, 'clf__max_features': 0.9, 'clf__max_iter': 450, 'clf__max_leaf_nodes': 7, 'clf__min_samples_leaf': 5}",0.7695151425454655,0.7623621533611717,0.7740658612102869,0.7419835725407038,0.7935078067889116,0.7682869072893079,0.016721045241494134,2,0.8485042082240158,0.838182166826411,0.8353626847944529,0.8353121487546585,0.825376038345355,0.8365474493889786,0.007394138792945063,0.9061046511627907,0.9311627906976745,0.940046511627907,0.9168793221750224,0.9418393480791618,0.9272065247485113,0.013759193317714512,1,0.9598816786836754,0.9532353000961167,0.9536425619894706,0.9537745953280993,0.9460149048861571,0.9533098081967039,0.00439857703419906,0.6578947368421053,0.6578249336870027,0.6840731070496083,0.6206896551724138,0.6770833333333334,0.6595131532168927,0.022021062275658858,8,0.7121311475409836,0.6893394375408763,0.7088096839273705,0.6939820742637645,0.6612702366127023,0.6931065159771395,0.018094376230430826,0.5434782608695652,0.5462555066079295,0.5622317596566524,0.49411764705882355,0.5555555555555556,0.5403277459497053,0.024050402624707444,9,0.5876623376623377,0.5678879310344828,0.5948081264108352,0.5634095634095634,0.5283582089552239,0.5684252334944887,0.023224708011789823,0.8333333333333334,0.8266666666666667,0.8733333333333333,0.8344370860927153,0.8666666666666667,0.846887417218543,0.019173981724581297,17,0.9034941763727121,0.8768718801996672,0.8768718801996672,0.9033333333333333,0.8835274542429284,0.8888197448696615,0.012161368923384848
3.4069448471069337,0.45920568780729887,0.34611334800720217,0.038263661473473806,0.0001,0.02326806216231124,64,3,0.9,600,15,20,"{'clf__l2_regularization': 0.0001, 'clf__learning_rate': np.float64(0.02326806216231124), 'clf__max_bins': 64, 'clf__max_depth': 3, 'clf__max_features': 0.9, 'clf__max_iter': 600, 'clf__max_leaf_nodes': 15, 'clf__min_samples_leaf': 20}",0.747344606063908,0.7168743139403883,0.7479426954524394,0.7192181955503201,0.7781035298820913,0.7418966681778294,0.022439263088560302,16,0.7871950813785173,0.7856349991551499,0.7723425708933302,0.782418526442886,0.7542827048991462,0.7763747765538059,0.012195703705246889,0.898329457364341,0.9188100775193799,0.9331976744186046,0.9126120778049326,0.9348195576251456,0.9195537689464807,0.013552948133104061,14,0.941708070415896,0.938778591817593,0.9372313354027948,0.9395919356402055,0.9274014570075365,0.9369422780568051,0.004984301973009594,0.6009615384615384,0.5929411764705882,0.631578947368421,0.5899280575539568,0.636144578313253,0.6103108596335515,0.019617782223764115,21,0.6533575317604355,0.6234676007005254,0.6375757575757576,0.6579439252336449,0.6036240090600227,0.6351937648660773,0.019936491775149355,0.4699248120300752,0.4581818181818182,0.4925373134328358,0.462406015037594,0.4981132075471698,0.47623263324589854,0.016133183391993024,20,0.5133079847908745,0.4802158273381295,0.5014299332697807,0.5253731343283582,0.4575107296137339,0.4955675218681754,0.024172134320003664,0.8333333333333334,0.84,0.88,0.8145695364238411,0.88,0.8495805739514349,0.026200060824159262,14,0.8985024958402662,0.8885191347753744,0.8752079866888519,0.88,0.8868552412645591,0.8858169717138102,0.00794594153531535
2.786088752746582,0.20313041979212562,0.19446234703063964,0.009268668778785474,0.5,0.018001350678213745,128,,0.9,150,31,20,"{'clf__l2_regularization': 0.5, 'clf__learning_rate': np.float64(0.018001350678213745), 'clf__max_bins': 128, 'clf__max_depth': None, 'clf__max_features': 0.9, 'clf__max_iter': 150, 'clf__max_leaf_nodes': 31, 'clf__min_samples_leaf': 20}",0.735005716286258,0.694262258337693,0.7232364787831762,0.7351824989591077,0.7564190021321432,0.7288211908996757,0.02032664560892934,24,0.7868223277642944,0.7939013314966343,0.7946130709024003,0.7928849582334295,0.7684313585909575,0.7873306093975432,0.009843774242970546,0.9020581395348837,0.9061201550387596,0.9277596899224806,0.9180820143552104,0.9196507566938298,0.9147341511090328,0.00938006458292098,24,0.9460323544528753,0.9481030258856917,0.9489311008702774,0.949345982359213,0.9355392461628602,0.9455903419461835,0.005153619838179123,0.628140703517588,0.60431654676259,0.671875,0.6631578947368421,0.6354679802955665,0.6405916250625173,0.02443376582999525,18,0.6687230104873535,0.6753731343283582,0.7020570670205707,0.7203791469194313,0.6535867565910485,0.6840238230693524,0.024009463787498367,0.5040322580645161,0.47191011235955055,0.5512820512820513,0.5502183406113537,0.50390625,0.5162698024634944,0.030491827883095738,18,0.5313725490196078,0.5392254220456802,0.5838852097130243,0.6066134549600912,0.5174757281553398,0.5557144727787486,0.03379620228151262,0.8333333333333334,0.84,0.86,0.8344370860927153,0.86,0.8455540838852098,0.012009589639655247,18,0.9018302828618968,0.9034941763727121,0.8801996672212978,0.8866666666666667,0.8868552412645591,0.8918092068774264,0.009194883165459598
3.141101026535034,0.461554110127099,0.2826206207275391,0.026367690733367567,1e-05,0.034589247051340026,64,2,0.9,600,63,50,"{'clf__l2_regularization': 1e-05, 'clf__learning_rate': np.float64(0.034589247051340026), 'clf__max_bins': 64, 'clf__max_depth': 2, 'clf__max_features': 0.9, 'clf__max_iter': 600, 'clf__max_leaf_nodes': 63, 'clf__min_samples_leaf': 50}",0.6709315910210547,0.6219045896290313,0.6635330043341637,0.6565530966446771,0.7224510626046663,0.6670746688467186,0.0323882810903838,38,0.7161232623632116,0.7176784712548888,0.6836645822196391,0.704503253346366,0.664575254626465,0.697308964762114,0.02038782642375317,0.8747790697674418,0.8662170542635659,0.9097209302325581,0.887883647241132,0.912627085758634,0.8902455574526662,0.018452006833402947,40,0.9095305090701071,0.9098721928451611,0.901517637368009,0.9051565377532229,0.9034300688152296,0.905901389170346,0.003311111621992307,0.5542725173210161,0.5415676959619953,0.5986394557823129,0.5701357466063348,0.6074766355140186,0.5744184102371355,0.02523042981523679,41,0.5961650203370134,0.6067816775728733,0.5698386199220924,0.5815438189204876,0.5741150442477876,0.5856888362000509,0.013834894836686004,0.42402826855123676,0.42066420664206644,0.4536082474226804,0.4329896907216495,0.4676258992805755,0.43978326252364164,0.0180347075370761,41,0.45803571428571427,0.4722222222222222,0.4280936454849498,0.44612644701691895,0.4299917149958575,0.44689394880113253,0.016765359190809598,0.8,0.76,0.88,0.8344370860927153,0.8666666666666667,0.8282207505518763,0.04392790351119746,36,0.8535773710482529,0.848585690515807,0.8519134775374376,0.835,0.8635607321131448,0.8505274542429284,0.009229969304096256
2.5164109230041505,0.05829167843036598,0.25880985260009765,0.04265557695888412,0.1,0.0444957985557673,128,2,1.0,450,63,10,"{'clf__l2_regularization': 0.1, 'clf__learning_rate': np.float64(0.0444957985557673), 'clf__max_bins': 128, 'clf__max_depth': 2, 'clf__max_features': 1.0, 'clf__max_iter': 450, 'clf__max_leaf_nodes': 63, 'clf__min_samples_leaf': 10}",0.7272858835307298,0.6935458597583279,0.7419098666191973,0.7278609956923745,0.7837246981582321,0.7348654607517723,0.029157059803215177,20,0.7859466170030224,0.7744653446487743,0.7726726676417447,0.7805219562962962,0.7720103388745232,0.7771233848928721,0.005336984429961157,0.9038410852713179,0.9097248062015504,0.9311240310077519,0.9087071830019505,0.9400426852929762,0.9186879581551093,0.014220153861030767,15,0.9386181553141506,0.93275218053293,0.9320555037706209,0.9366477658233984,0.9301005061352142,0.9340348223152628,0.0031265358083010404,0.5707762557077626,0.5801886792452831,0.6430260047281324,0.580335731414868,0.6352941176470588,0.601924157748621,0.03069722797789525,23,0.6212379329926179,0.6126760563380281,0.6153846153846154,0.6377519853390348,0.5995475113122172,0.6173196202733027,0.012441780448236643,0.4340277777777778,0.4489051094890511,0.4981684981684982,0.4548872180451128,0.4909090909090909,0.4653795388779061,0.02486484434899697,24,0.47155172413793106,0.4732547597461469,0.473542600896861,0.5033751205400193,0.4541559554413025,0.4751760321524522,0.015852616217789006,0.8333333333333334,0.82,0.9066666666666666,0.8013245033112583,0.9,0.8522649006622517,0.04297102277520342,12,0.9101497504159733,0.8685524126455907,0.8785357737104825,0.87,0.8818635607321131,0.8818202995008319,0.01502733557386578
1.36560378074646,0.3642614131425223,0.15296263694763185,0.02332444622502121,0.1,0.05498780273405701,64,5,0.6,600,63,80,"{'clf__l2_regularization': 0.1, 'clf__learning_rate': np.float64(0.05498780273405701), 'clf__max_bins': 64, 'clf__max_depth': 5, 'clf__max_features': 0.6, 'clf__max_iter': 600, 'clf__max_leaf_nodes': 63, 'clf__min_samples_leaf': 80}",0.658455431848492,0.6064264480654153,0.6511048656733892,0.6679238692775279,0.6984029269796693,0.6564627083688988,0.02975447837508368,39,0.7190772664488166,0.7139965321079907,0.7154861355739586,0.7017608462930659,0.6765792714327756,0.7053800103713216,0.015534310087892255,0.8661821705426356,0.8694689922480621,0.9059922480620154,0.89134909682443,0.8962398137369034,0.8858464642828092,0.015485860133620659,42,0.9171215997382682,0.9170974011706298,0.9139206132110628,0.9101676844043811,0.8999583421834019,0.9116531281415486,0.006382167980599315,0.5528846153846154,0.5497630331753555,0.6124401913875598,0.6036866359447005,0.6033254156769596,0.5844199783138382,0.02723723539664821,35,0.6129994036970781,0.6083333333333333,0.612961841308298,0.6055488540410132,0.581901489117984,0.6043489842995413,0.01157770120664881,0.4323308270676692,0.4264705882352941,0.47761194029850745,0.4628975265017668,0.46863468634686345,0.4535891136900202,0.02038352853096998,34,0.47769516728624534,0.4735866543095459,0.4819047619047619,0.47448015122873344,0.44366812227074237,0.47026697140000573,0.01361533118104253,0.7666666666666667,0.7733333333333333,0.8533333333333334,0.8675496688741722,0.8466666666666667,0.8215099337748345,0.04264742888959646,42,0.8552412645590682,0.8502495840266223,0.8419301164725458,0.8366666666666667,0.8452579034941764,0.8458691070438158,0.006443602105689502
